Name,Height,Weight,BirthDate,BirthPlace
Ignacio_Batallan,1.93,97000.0,1984-04-29,['San Fernando del Valle de Catamarca', 'Argentina']
Igor_Omrčen,2.08,95000.0,1980-09-26,['Croatia', 'Split Croatia']
Igor_Yudin,1.98,88000.0,1987-06-17,['Russia', 'Yekaterinburg']
Ihosvany_Hernández,2.06,90000.0,1972-08-06,['Havana', 'Cuba']
Ikumi_Narita,1.73,68000.0,1976-01-01,['Japan', 'Hokkaido', 'Asahikawa Hokkaido']
Ilka_Semmler,1.83,70000.0,1985-09-08,Aachen
Ingrid_Morales,1.7,62000.0,1975-05-29,['Costa Rica', 'San José Costa Rica']
Ioannis_Fakas,1.96,85000.0,1964-03-16,Ioannina
Iraklis_Doriadis,1.93,93000.0,1954-05-15,Istanbul
Irina_Zaryazhko,1.98,75000.0,1991-10-04,['Russia', 'Novosibirsk']
Irving_Bricio,1.9,83000.0,1980-09-03,['Guadalajara', 'Mexico']
Israel_Rodríguez_(volleyball),1.95,96000.0,1981-08-27,['Spain', 'Seville']
Iuliia_Morozova,1.92,79000.0,1985-01-08,['Russia', 'Chelyabinsk']
Ivan_Demakov,2.09,101000.0,1993-01-06,['Russia', 'Yoshkar-Ola']
Ivan_Ilić_(volleyball),1.94,85000.0,1976-12-19,['Serbia', 'Užice', 'Socialist Federal Republic of Yugoslavia', 'Socialist Republic of Serbia']
Ivan_Miljković,2.06,88000.0,1979-09-13,['Serbia', 'Niš', 'Socialist Federal Republic of Yugoslavia']
Ivan_Zaytsev_(volleyball),2.02,92000.0,1988-10-02,['Italy', 'Spoleto']
Ivana_Isailović,1.85,66000.0,1986-01-01,['Šabac', 'Socialist Federal Republic of Yugoslavia']
Iván_Castellani,1.96,82000.0,1991-01-19,['Italy', 'Padua']
Iván_Contreras,1.98,96000.0,1974-01-29,['Tampico', 'Mexico']
Iván_Márquez_(volleyball),2.05,88000.0,1981-10-04,['Venezuela', 'Caracas']
Izabela_Bełcik,1.85,65000.0,1980-11-29,['Poland', 'Malbork']
Izabela_Śliwa,1.69,61000.0,1990-12-11,['Kraków', 'Poland']
Valentin_Bratoev,2.02,92000.0,1987-10-21,['Bulgaria', 'Sofia']
Valentina_Arrighetti,1.85,73000.0,1985-01-26,['Italy', 'Genoa']
Valentina_Diouf,2.02,89000.0,1993-01-10,['Italy', 'Milan']
Valentina_Kamenyok-Vinogradova,1.7018,73936.8,1943-05-17,['Moscow', 'Russia']
Valentina_Ogienko,1.82,72000.0,['1965-05-02', '1965-05-26'],['Russia', 'Soviet Union', 'Krasnodar']
Valérie_Courtois,1.71,66000.0,1990-11-01,['Belgium', 'Bilzen']
Vanessa_Virgen,1.72,69000.0,1984-07-11,['Manzanillo Colima', 'Mexico']
Vanya_Sokolova,1.89,76000.0,1971-06-22,Bulgaria
Vegard_Høidalen,1.93,94000.0,1971-05-10,['Norway', 'Skien']
Vera_Ulyakina,1.8,73000.0,1986-08-21,['Russia', 'Nizhny Novgorod']
Viktor_Poletaev,1.95,86000.0,1995-07-27,['Russia', 'Chelyabinsk']
Viktor_Yosifov,2.04,100000.0,1985-10-16,Bulgaria
Vladan_Đorđević_(volleyball),1.94,95000.0,1983-01-10,['Serbia', 'Ćuprija', 'Socialist Federal Republic of Yugoslavia', 'Socialist Republic of Serbia']
Vladimir_Grbić,1.93,87000.0,1970-12-14,['Socialist Federal Republic of Yugoslavia', 'Socialist Republic of Serbia', 'Klek (Zrenjanin)']
Vladimir_Nikolov,2.0,95000.0,1977-10-03,['Bulgaria', 'Sofia']
Vladislav_Ivanov_(volleyball),188.0,80000.0,1987-03-14,['Bulgaria', 'Sofia']
Vlado_Petković,1.98,97000.0,1983-01-06,['Kraljevo', "Serbia men's national volleyball team"]
Volkan_Güç,2.02,100000.0,1980-07-16,['Adana', 'Turkey']
Vyacheslav_Zaytsev,1.91,97000.0,1952-11-12,Saint Petersburg
Víctor_Batista,2.0,88000.0,1979-10-02,Tamayo (Dominican Republic)
Şeyma_Ercan,1.86,69000.0,1994-07-05,Ankara
Effrosyni_Sfyri,1.8,67000.0,1971-01-08,['Athens', 'Greece']
Ekaterina_Kosianenko,1.78,64000.0,1990-02-02,['Russia', 'Yekaterinburg']
Elena_Chebukina,1.88,77000.0,1965-10-11,['Kazakhstan', 'Russia', 'Almaty']
Eleonora_Dziękiewicz,1.85,78000.0,['1978-10-15', '1978-10-25'],['Gdańsk', 'Poland']
Elsa_Baquerizo,1.81,68000.0,1987-06-25,New York
Elvis_Contreras,1.9,77000.0,1979-07-20,['Dominican Republic', 'Tamayo (Dominican Republic)']
Elyes_Karamosli,1.94,83000.0,1989-08-22,['Tunisia', 'Hammam-Lif']
Emanuele_Birarelli,2.02,95000.0,1981-02-08,['Italy', 'Senigallia']
Emre_Batur,2.01,89000.0,1988-04-21,['Tokat', 'Turkey']
Enrique_de_la_Fuente,1.95,92000.0,1975-08-11,['Spain', 'Vigo']
Earvin_N'Gapeth,1.94,93000.0,1991-02-12,['Var (department)', 'Saint-Raphaël Var', 'France']
Eri_Hosoda,1.75,66000.0,1984-05-15,['Japan', 'Miwa Aichi']
Erik_Shoji,1.84,83000.0,1989-08-24,['Hawaii', 'Honolulu', 'United States']
Erika_Araki,1.86,80000.0,1984-08-03,['Japan', 'Okayama Prefecture', 'Kurashiki Okayama']
Ernestine_Tiamzon,1.76,56800.0,1997-05-04,['Philippines', 'South Cotabato', 'Koronadal']
Evan_Patak,2.032,113000.0,1984-06-23,['Santa Maria California', "United States men's national volleyball team"]
Evgeni_Ivanov_(volleyball),2.1,98000.0,1974-06-03,['Bulgaria', 'Sofia']
Ewoud_Gommans,2.02,89000.0,1990-11-17,Voorschoten
Ezgi_Dilik,1.7,68000.0,1995-06-12,Ankara
Zara_Dampney,1.778,65000.0,1986-06-10,Christchurch Dorset
Zbigniew_Bartman,1.98,91000.0,1987-05-04,['Poland', 'Warsaw']
Zeng_Chunlei,1.9,69000.0,1989-11-03,['China', 'Beijing']
Zhong_Weijun,2.0,83000.0,1989-04-20,['China', 'Bayi_Changzhi_County']
Zhou_Suhong,1.82,73000.0,1979-04-23,['China', 'Zhejiang']
Zhou_Yuan,1.8,65000.0,1982-12-15,['China', 'Handan', 'Hebei']
Élysée_Ossosso,1.88,86000.0,1967-08-09,['Cameroon', 'Douala']
Luigi_Mastrangelo,2.02,90000.0,1975-08-17,['Italy', 'Mottola']
Luiz_Felipe_Fonteles,1.98,96000.0,1984-06-19,['Brazil', 'Paraná (state)', 'Curitiba']
Lukas_Kampa,1.95,90000.0,1986-11-29,['Germany', 'Bochum']
Lukáš_Diviš,2.01,91000.0,1986-02-20,['Slovakia', 'Žilina']
Lukáš_Ticháček,1.93,84000.0,1982-01-12,['Czech Republic', 'Přerov']
Lyubomir_Ganev,2.1,99000.0,1965-10-06,['Bulgaria', 'Ruse Bulgaria']
Lyubov_Tyurina,1.81,75000.0,1943-04-25,['Moscow', 'Russia']
Lyudmila_Buldakova,1.7018,66225.6,1938-05-25,['Russia', 'Saint Petersburg']
Larissa_França,1.74,68000.0,1982-04-14,['Brazil', 'Cachoeiro de Itapemirim', 'Espírito Santo']
Lars_Lorsheijd,2.0,97000.0,1985-06-08,Leidschendam
Laura_Dijkema,1.84,68000.0,1990-02-18,['Netherlands', 'Assen', 'Beilen']
Laurent_Tillie,1.93,83000.0,1963-12-01,Algiers
Leandro_Vissotto,2.14,98000.0,1983-04-30,['Brazil', 'Rio de Janeiro']
Leigh-Ann_Naidoo,1.81,70000.0,1976-07-12,['Durban', 'South Africa']
Lenka_Dürr,1.71,59000.0,1990-12-10,['Germany', 'Memmingen']
Leonel_Marshall_Jr.,1.96,96000.0,1979-09-25,['Havana', 'Cuba']
Lesya_Makhno,1.88,73000.0,['1981-09-04', '1981-12-04'],['Russia', 'Ukrainian Soviet Socialist Republic', 'Poltava Oblast']
Li_Juan,1.86,73000.0,1981-05-15,['China', 'Tianjin']
Lidia_Chmielnicka-Żmuda,1.7,60000.0,1939-03-08,['Poland', 'Lubliniec']
Liliana_Fernández,1.78,75000.0,1987-01-04,['Spain', 'Benidorm']
Liu_Xiaotong,1.87,72000.0,1990-02-16,['China', 'Beijing', 'Jilin']
Lloy_Ball,2.03,95000.0,1972-02-17,['Fort Wayne Indiana', 'United States', 'Indiana']
Lonneke_Slöetjes,1.92,73000.0,1990-11-15,['Netherlands', 'Varsseveld']
Luca_Vettori,2.0,95000.0,1991-04-26,['Italy', 'Parma']
Lucas_Chávez,1.99,95000.0,1982-04-03,['Buenos Aires', 'Argentina']
Lucas_Lóh,1.95,83000.0,1991-01-18,['Brazil', 'Paraná (state)', 'Toledo Paraná']
Lucas_Saatkamp,2.09,101000.0,1986-03-06,['Brazil', 'Rio Grande do Sul', 'Colinas']
Luciane_Escouto,1.85,73000.0,1987-06-21,['Brazil', 'São Leopoldo']
Luciano_De_Cecco,1.94,89000.0,1988-06-02,['Santa Fe Argentina', 'Argentina']
Santiago_Darraidou,1.94,96000.0,1980-11-24,['Buenos Aires', 'Argentina', 'Federal capital']
Saori_Kimura,1.85,65000.0,1986-08-19,['Japan', 'Saitama Prefecture', 'Yashio Saitama']
Saori_Takahashi,1.77,68000.0,1992-12-09,['Japan', 'Iwate Prefecture', 'Kitakami Iwate']
Saranchit_Charoensuk,1.83,74000.0,1987-07-20,['Thailand', 'Ratchaburi']
Saskia_Hippe,1.86,76000.0,1991-01-16,Berlin
Saša_Starović,2.07,89000.0,1988-10-19,['Socialist Federal Republic of Yugoslavia', 'Trebinje', 'Socialist Republic of Bosnia and Herzegovina']
Sean_Morrison_(beach_volleyball),1.93,77000.0,['1983-04-10', '1983-10-04'],San Fernando Trinidad and Tobago
Sean_Rooney,2.06,100000.0,1982-11-13,['Wheaton Illinois', 'United States']
Sebastian_Kühner,2.03,91000.0,1987-03-15,['Berlin', 'Germany']
Sebastian_Schwarz,1.97,94000.0,1985-10-02,['Germany', 'Freudenstadt']
Sebastian_Świderski,1.93,87000.0,1977-06-26,['Poland', 'Skwierzyna']
Sebastián_Solé,2.02,88000.0,1991-06-12,['Rosario Santa Fe', 'Argentina']
Seiko_Kawamura,1.74,64000.0,1984-05-23,['Japan', 'Yamaguchi Prefecture', 'Hōfu']
Seo_Jae-duck,1.95,98000.0,1989-07-21,Seoul
Serena_Ortolani,1.87,67000.0,1987-01-07,['Italy', 'Ravenna']
Sergey_Antipkin,1.97,92000.0,1986-03-28,['Moscow', 'Russia']
Serhat_Coşkun,1.98,90000.0,1987-07-18,['Tokat', 'Turkey']
Seth_Burnham,2.0,93000.0,1977-05-31,['Santa Cruz California', 'United States']
Shauna_Mullin,1.778,68000.0,1984-09-11,['Johannesburg', 'South Africa']
Shin_Young-chul,1.79,72000.0,1964-03-14,['North Gyeongsang Province', 'Uljin County']
Shuka_Oyama,1.82,65000.0,1980-09-25,['China', 'Fushun', 'Liaoning']
Sidão,2.03,90000.0,1982-07-09,['Brazil', 'São Caetano do Sul']
Simon_Tischer,1.94,89000.0,['1982-04-24', '1988-09-07'],['Germany', 'Schwäbisch Gmünd']
Simone_Giannelli,2.0,92000.0,1996-08-09,['Italy', 'Bolzano']
Simone_Parodi,1.95,93000.0,1986-06-16,['Italy', 'Sanremo']
Sjoerd_Hoogendoorn,1.98,88000.0,1991-02-17,['Netherlands', 'Nieuwegein']
Smilen_Mlyakov,2.0,98000.0,1981-06-17,['Bulgaria', 'Sofia']
Song_Myung-geun,1.95,83000.0,1993-03-12,['South Korea', 'Cheonan']
Srećko_Lisinac,2.05,90000.0,1992-05-17,['Serbia', 'Kraljevo']
Stefana_Veljković,1.9,76000.0,1990-01-09,['Serbia', 'Jagodina']
Stefano_Sibani,1.9,83000.0,1951-10-06,Bologna
Sachiko_Sugiyama,1.84,67000.0,1979-10-19,['Japan', 'Oyama Shizuoka']
Saddem_Hmissi,1.86,75000.0,1991-02-16,['Tunisia', 'Nabeul']
Saeid_Marouf,1.89,81000.0,1985-10-20,['Iran', 'Urmia']
Sam_Deroo,2.02,92000.0,1992-04-24,['Belgium', 'Beveren']
Saman_Faezi,2.04,87000.0,1991-08-23,['Iran', 'Tehran']
Samuel_Tuia,1.95,95000.0,1986-07-24,['Mata-Utu', 'France']
Samuele_Papi,1.91,68000.0,1973-05-20,['Italy', 'Ancona']
Sander_Olsthoorn,2.06,89000.0,1974-07-21,Bunnik
Sanne_Keizer,1.81,71000.0,1985-02-06,['Netherlands', 'Doetinchem']
Strashimira_Filipova,1.95,78000.0,1985-08-18,['Bulgaria', 'Sofia']
Stéphane_Antiga,2.0,94000.0,1976-02-03,['Hauts-de-Seine', 'Suresnes', 'France']
Stéphane_Canet,1.92,85000.0,1971-06-07,['Hyères', 'France']
SuGui_Kriss,1.5748000000000002,58968.0,1987-07-06,['China', 'Kunming', 'Yunnan']
Suo_Ma,1.87,70000.0,1979-12-02,['China', 'Beijing']
Susanne_Lahme,1.86,77000.0,1968-09-10,['East Germany', 'Luckenwalde']
Svetlana_Korytova,1.85,76000.0,1968-03-24,['Russia', 'Yekaterinburg']
Sylwia_Pycia,1.89,78000.0,1981-04-20,['Kraków', 'Poland']
Szymon_Romać,1.96,92000.0,1992-10-01,['Poland', 'Lubin']
Sławomir_Stolc,1.98,78000.0,1993-01-23,['Poland', 'Kościerzyna']
Patryk_Czarnowski,2.02,98000.0,1985-11-01,['Poland', 'Ostróda']
Patryk_Niemiec,2.02,89000.0,1997-02-18,Poland
Paul_Lotman,2.0,93000.0,1985-11-03,['United States', 'Lakewood California']
Pavel_Abramov,2.0,87000.0,1979-04-23,['Moscow', 'Russia']
Pavel_Moroz,2.05,105000.0,1987-02-26,['Soviet Union', 'Ukrainian Soviet Socialist Republic', 'Chervonohrad']
Pavlos_Beligratis,1.84,87000.0,1977-11-16,['Athens', 'Greece']
Paweł_Woicki,1.83,76000.0,1983-06-29,['Poland', 'Tomaszów Mazowiecki']
Paweł_Zagumny,2.0,88000.0,1977-10-18,['Poland', 'Jasło']
Paweł_Zatorski,1.84,73000.0,1990-06-21,['Poland', 'Łódź']
Peny_Karagkouni,0.0,72000.0,1993-07-01,['Athens', 'Greece', 'Marousi']
Petia_Yanchulova,1.78,65000.0,1978-07-03,['Bulgaria', 'Sofia']
Paola_Cardullo,1.62,56000.0,1982-03-18,['Italy', 'Omegna']
Park_Sang-ha,1.98,89000.0,1986-04-04,North Chungcheong Province
Pasquale_Gravina,2.01,102000.0,1970-05-01,['Italy', 'Campobasso']
Patricia_Labee,1.8,67000.0,1977-04-04,['Netherlands', 'Rotterdam']
Philippe_Blain,1.97,89000.0,1960-05-20,['Montpellier', 'France']
Phạm_Thị_Yến,1.77,73000.0,1985-10-20,Vietnam
Pieter_Verhees,2.05,105000.0,1989-12-08,['Belgium', 'Lommel']
Piotr_Badura,2.06,92000.0,1995-02-20,['Poland', 'Tomaszów Mazowiecki']
Piotr_Gacek,1.85,80000.0,['1978-09-16', '1979-09-16'],['Poland', 'Grodków']
Piotr_Gruszka,2.06,100000.0,1977-03-08,['Poland', 'Oświęcim']
Piotr_Lipiński,1.95,86000.0,1979-01-04,['Poland', 'Olsztyn']
Piotr_Nowakowski,2.05,100000.0,1987-12-18,['Poland', 'Żyrardów']
Pisanu_Harnkhomtun,1.94,78000.0,1986-05-01,['Thailand', 'Khon Kaen']
Plamen_Konstantinov,2.02,93000.0,1973-06-14,['Bulgaria', 'Sofia']
Polina_Rahimova,1.98,73000.0,1990-06-05,['Uzbek Soviet Socialist Republic', 'Fergana']
Pouria_Fayazi,1.94,87000.0,1993-01-12,['Tehran', "Iran men's national volleyball team"]
Prabagaran,0.0,76000.0,1998-11-03,['India', 'Puducherry', 'Ariyankuppam']
Prasit_Piladuang,1.86,71000.0,1994-07-07,Thailand
Przemysław_Stępień,1.85,66000.0,1994-02-07,['Poland', 'Iława']
Péter_Veres_(volleyball),2.0,83000.0,1979-02-22,['Hungary', 'Budapest']
Oksana_Kurt,1.84,77000.0,1984-07-28,['Baku', 'Azerbaijan Soviet Socialist Republic']
Olesia_Rykhliuk,1.94,70000.0,1987-12-11,['Ukraine', 'Kiev']
Olga_Fateeva,1.9,72000.0,1984-05-04,['Ukraine', 'Pavlohrad']
Olieg_Achrem,1.91,95000.0,1983-03-12,['Belarus', 'Grodno']
Oliver_Venno,2.1,105000.0,1990-05-23,['Tartu', 'Estonia']
Omar_Agrebi,2.05,85000.0,1992-08-26,['Tunisia', 'Sfax']
Yu_Koshikawa,1.89,86000.0,1984-06-30,['Japan', 'Ishikawa Prefecture', 'Kanazawa']
Yuka_Sakurai,1.67,62000.0,1974-09-02,['Japan', 'Kaizu']
Yuki_Ishii,1.8,68000.0,1991-05-08,['Japan', 'Okayama Prefecture', 'Kurashiki Okayama']
Yuki_Ishikawa,1.8,69000.0,1997-04-26,['Japan', 'Saitama Prefecture', 'Ageo Saitama']
Yuki_Kawai,1.68,62000.0,1990-01-22,['Japan', 'Ōita Prefecture', 'Hiji Ōita']
Yuki_Tanaka,1.75,63000.0,1981-08-19,['Japan', 'Saitama Prefecture', 'Kawaguchi Saitama']
Yukiko_Ebata,1.76,68000.0,1989-11-07,['Japan', 'Akita Prefecture', 'Akita Akita']
Yuko_Maruyama,1.77,65000.0,1989-09-17,['Japan', 'Matsumoto Nagano', 'Nagano Prefecture']
Yuko_Suzuki,1.71,60000.0,1989-08-12,['Japan', 'Musashimurayama Tokyo']
Yumiko_Tsuzuki,1.75,61000.0,1983-05-11,['Japan', 'Okazaki Aichi', 'Aichi Prefecture']
Yumilka_Ruiz,1.79,62000.0,1978-05-08,['Havana', 'Cuba']
Yvon_Beliën,1.88,70000.0,1993-12-28,['Netherlands', 'Budel']
Yūka_Imamura,1.75,70000.0,1993-09-02,['Japan', 'Tokyo', 'Arakawa Tokyo']
Yūki_Ishikawa,1.91,74000.0,1995-12-11,['Japan', 'Aichi Prefecture']
Yamato_Fushimi,2.07,118000.0,1991-12-24,['Japan', 'Shizuoka Prefecture', 'Shizuoka Shizuoka']
Yana_Shcherban,1.88,71000.0,1989-09-06,['Bishkek', 'Russia']
Yang_Fangxu,1.9,75000.0,1994-10-06,['China', 'Shandong']
Yang_Jie,1.94,72000.0,1994-03-01,['China', 'Shanghai']
Yannick_van_Harskamp,1.9,88000.0,1986-04-02,Zwartsluis
Yao_Di,1.82,65000.0,1992-08-15,['China', 'Tianjin']
Yarleen_Santiago,1.82,72000.0,1978-01-18,Río Piedras Puerto Rico
Yeliz_Başa,1.88,79000.0,1987-08-13,['Beykoz', 'Istanbul']
Yevgeniya_Startseva,1.85,68000.0,1989-02-12,['Russia', 'Chelyabinsk']
Yin_Na,1.82,65000.0,1988-02-03,['China', 'Tianjin']
Yndys_Novas,1.86,71000.0,1977-11-07,Santo Domingo
Yonkaira_Peña,1.9,70000.0,['1993-05-10', '1993-10-05'],['Dominican Republic', 'Santo Domingo']
Yoshie_Takeshita,1.59,53000.0,1978-03-18,['Japan', 'Fukuoka Prefecture', 'Kitakyushu']
Yoshiko_Yano,1.83,81000.0,1985-08-01,['Japan', 'Miyazaki Prefecture', 'Kitamorokata District Miyazaki']
Yosleider_Cala,2.04,98000.0,1984-10-22,['Ciego de Ávila', 'Cuba']
Francien_Huurman,1.92,80000.0,1975-04-18,['Netherlands', 'South Holland', 'Pijnacker']
Frank_Constandse,1.92,76000.0,1946-05-31,Voorburg
Frank_Depestele,1.91,93000.0,1977-09-03,Belgium
Furkan_Yalçınkaya,1.99,90000.0,1986-08-12,['Istanbul', 'Turkey']
Fabian_Drzyzga,1.96,90000.0,1990-01-03,['Bordeaux', 'France']
Fabio_Innocenti,1.84,73000.0,1950-02-22,Pontedera
Fabrizio_Nassi,1.85,76000.0,1951-08-05,Pontedera
Fabíola_de_Souza,1.84,70000.0,1983-02-03,Brasília
Facundo_Conte,1.98,85000.0,1989-08-25,['Buenos Aires', 'Argentina']
Farhad_Ghaemi,1.97,73000.0,1989-08-28,['Iran', 'Gonbad-e Kavus', 'Gonbad']
Farhad_Nazari_Afshar,1.95,82000.0,1984-05-22,['Iran', 'Tehran']
Farhad_Piroutpour,1.95,95000.0,1991-02-21,['Iran', 'Mahabad']
Farhad_Zarif,1.69,60000.0,1983-03-03,Mashhad
Femke_Stoltenborg,1.89,81000.0,1991-07-30,['Netherlands', 'Winterswijk']
Feng_Kun,1.83,75000.0,1978-12-28,['China', 'Beijing']
Ferdinand_Tille,1.85,70000.0,1988-12-08,['West Germany', 'Mühldorf']
Fernando_Morales_(volleyball),1.94,93000.0,1982-02-04,San Juan Puerto Rico
Filip_Vujić,1.91,85000.0,1989-10-17,['Serbia', 'Belgrade', 'Socialist Federal Republic of Yugoslavia', 'Socialist Republic of Serbia']
Filippo_Lanza,1.94,98000.0,1991-03-03,['Italy', 'Zevio']
Flávio_Cruz,1.95,86000.0,1982-08-28,Portugal
Francesca_Ferretti,1.8,70000.0,1984-02-15,['Italy', 'Reggio Emilia']
Francesca_Piccinini,1.85,62000.0,1979-01-10,['Italy', 'Massa']
Chaïne_Staelens,1.94,77000.0,1980-11-07,['Belgium', 'Kortrijk']
Chen_Liyi,1.84,75000.0,1989-04-27,['China', 'Tianjin']
Chihiro_Kato,1.78,61000.0,1988-11-22,['Japan', 'Kanagawa Prefecture', 'Fujisawa Kanagawa']
Chizuru_Kotō,1.71,64000.0,1982-10-08,['Nagasaki Prefecture', 'Nagayo Nagasaki', 'Nishisonogi District Nagasaki']
Chloe_Mann,1.89,75000.0,1990-11-12,['United States', 'Florida']
Christian_Dünnes,2.07,105000.0,1984-06-16,['Germany', 'Siegen']
Christian_Fromm,2.04,99000.0,1990-08-15,['Berlin', 'Germany']
Christina_Bauer,1.96,79000.0,1988-01-01,['Norway', 'Bergen']
Ciara_Michel,1.95,70000.0,['1985-07-02', '2985-07-02'],['Somerset', 'Taunton']
Cinthia_Piñeiro,1.83,60000.0,1986-02-04,['Dominican Republic', 'Santo Domingo']
Claudio_Di_Coste,2.07,100000.0,1954-08-13,Rome
Clayton_Stanley,2.05,104000.0,['1978-01-20', '1978-01-30'],['Honolulu', 'United States']
Colin_Pocock,1.95,107000.0,1972-06-11,['Zimbabwe', 'Harare']
Cristina_Chirichella,1.95,75000.0,1994-02-10,['Italy', 'Naples']
Carlijn_Jans,1.92,77000.0,1987-07-24,Breda
Carmela_Tunay,1.71,66000.0,1995-06-08,['Philippines', 'Manila']
Casey_Jennings,1.905,86184.0,1975-07-10,['Las Vegas', 'United States']
Caterina_Bosetti,1.8,65000.0,1994-02-02,['Italy', 'Busto Arsizio', 'Tradate']
Celeste_Plak,1.9,84000.0,1995-10-26,['Netherlands', 'Tuitjenhorn']
Ceyda_Aktaş,1.89,77000.0,1994-08-18,Ankara
Ulaş_Kıyak,1.87,82000.0,1981-08-11,['Samsun', 'Turkey']
Łukasz_Kozub,1.86,90000.0,1997-11-03,Poland
Łukasz_Perłowski,2.04,97000.0,1984-04-03,['Poland', 'Strzyżów']
Łukasz_Polański,2.05,94000.0,1989-01-29,['Poland', 'Warsaw']
Łukasz_Wiśniewski,1.98,93000.0,1989-02-03,['Poland', 'Włodawa']
Łukasz_Żygadło,2.01,91000.0,1979-08-02,['Poland', 'Sulechów']
Jerónimo_Bidegain,2.0,93000.0,1977-01-16,['Buenos Aires', 'Argentina']
Jiao_Shuai,1.94,75000.0,1984-01-28,['Zhengzhou', 'Henan']
Jimmy_George,1.87,78000.0,1955-03-08,['India', 'Kannur', 'Peravoor', 'Kerala']
Jirayu_Raksakaew,1.96,82000.0,1987-08-03,['Thailand', 'Nakhon Si Thammarat']
Jiří_Kovář,2.02,95000.0,1989-04-10,['Czechoslovakia', 'Zlín']
Joanna_Kaczor,1.91,72000.0,1984-09-16,['Poland', 'Wrocław']
Joanna_Mirek,1.86,68000.0,1977-02-17,['Poland', 'Myślenice']
Jochem_de_Gruijter,1.99,92000.0,1978-04-18,Leidschendam
Jochen_Schöps,2.0,100000.0,1983-10-08,['Germany', 'Villingen-Schwenningen']
Johan_López,2.01,100000.0,1989-04-16,Río San Juan María Trinidad Sánchez
James_Polster,1.98,100000.0,1979-02-08,['Saint Paul Minnesota', 'United States']
Jan_Nowakowski,2.02,95000.0,1994-05-17,Poland
Jan_Willem_Snippe,2.0,94000.0,1986-05-21,Heemskerk
Jasper_Diefenbach,1.95,90000.0,1988-03-17,Dordrecht
Jayson_Jablonsky,1.98,91000.0,1985-07-23,Orange California
Jelte_Maan,1.9,86000.0,1986-03-19,Lochem
Jenia_Grebennikov,1.88,72000.0,1990-08-13,['Rennes', 'France']
Jeroen_Rauwerdink,2.0,92000.0,1985-09-13,Zeist
Jeroen_Trommel,1.94,93000.0,['1980-08-01', '1981-08-01'],['Netherlands', 'Apeldoorn']
Joppe_Paulides,2.03,85000.0,1982-04-13,Noordwijkerhout
Joris_Marcelis,2.11,100000.0,1984-12-10,Heteren
Joshua_Slack,1.91,88000.0,1976-12-16,['Brisbane', 'Australia']
José_Martínez_(volleyball),2.0,100000.0,1993-01-23,Tijuana
José_Miguel_Cáceres,2.1,98000.0,1981-12-24,['Dominican Republic', 'Tamayo (Dominican Republic)']
Jovana_Brakočević,1.96,77000.0,1988-03-05,['Zrenjanin', 'Socialist Federal Republic of Yugoslavia']
Judith_Pietersen,1.88,67000.0,1989-07-03,['Netherlands', 'Eibergen']
Julia_Willand,1.78,69000.0,1972-04-06,['Nuremberg', 'West Germany']
Julien_Lyneel,1.92,85000.0,1990-04-15,['Montpellier', 'France']
Jungo_Morita,1.94,85000.0,1947-08-09,['Japan', 'Tokyo']
Junichi_Kuriuzawa,1.93,75000.0,1965-02-25,['Japan', 'Ōfunato']
Jurij_Gladyr,2.02,96000.0,1984-07-08,['Soviet Union', 'Ukraine', 'Poltava']
Jørre_Kjemperud,1.88,85000.0,1968-08-31,['Norway', 'Vikersund']
Jędrzej_Gruszczyński,1.83,73000.0,1997-11-13,Poland
Jędrzej_Maćkowiak,1.98,86000.0,1992-10-17,['Poland', 'Bełchatów']
Jaanus_Nõmmsalu,2.0,100000.0,1981-01-19,['Pärnu', 'Estonia']
Jacques_Yoko,1.97,88000.0,1972-04-29,['Paris', 'France']
Jairo_Hooi,2.01,88000.0,1978-03-13,Winterswijk
Jakub_Bednaruk,1.88,90000.0,1976-09-09,['Poland', 'Bielsko-Biała']
Jakub_Jarosz,1.97,94000.0,1987-02-10,['Poland', 'Nysa Poland']
Jakub_Kochanowski,1.99,84000.0,1997-07-17,['Poland', 'Giżycko']
Jakub_Novotný,1.96,86000.0,1979-04-20,['Czech Republic', 'Sokolov Czech Republic']
Jakub_Oczko,1.93,85000.0,1981-12-27,['Poland', 'Miedźna']
Jakub_Popiwczak,1.8,70000.0,1996-04-17,['Legnica', 'Poland']
Jakub_Szymański,1.98,80000.0,1998-03-25,Poland
Jakub_Ziobrowski,2.01,98000.0,1997-01-23,Poland
Rob_Bontje,2.06,94000.0,1981-05-12,['Limburg (Netherlands)', 'Grevenbicht']
Robbert_Andringa,1.92,85000.0,1990-04-28,Assen
Robert_Horstink,2.01,92000.0,1981-12-26,Twello
Robert_Nowotny,1.85,83000.0,1974-01-27,['Vienna', 'Austria']
Robert_Prygiel,2.0,100000.0,['1976-04-14', '1976-04-17'],['Poland', 'Radom']
Robert_Szczerbaniuk,1.99,89000.0,1977-05-29,['Poland', 'Wrocław']
Robert_Täht,1.91,82000.0,1993-08-15,['Võru', 'Estonia']
Robertlandy_Simón,2.06,112000.0,1987-06-11,['Guantánamo', 'Cuba']
Roberto_Reis,1.87,82000.0,1980-03-02,['Esmoriz', "Portugal men's national volleyball team"]
Robin_Overbeeke,1.98,92000.0,1989-03-21,Leidschendam
Robin_de_Kruijf,1.93,81000.0,1991-05-05,['Netherlands', 'Nieuwegein']
Rodrigo_Quiroga,1.94,84000.0,1987-03-23,['San Juan Argentina', 'Argentina']
Roland_Rademaker,1.92,83000.0,1982-03-18,Apeldoorn
Ron_Zwerver,2.0,93000.0,1967-06-06,Amsterdam
Rudy_Suwara,1.905,90720.0,1941-11-19,['New York City', 'New York']
Russell_Holmes_(volleyball),2.05,95000.0,1982-07-01,['California', 'Anaheim California', 'United States']
Ryoko_Tokuno,1.68,60000.0,1974-08-27,['Japan', 'Matsuyama Ehime']
Ryszard_Bosek,1.89,88000.0,1950-04-12,['Poland', 'Kamienna Góra']
Ramon_R._Martinez_Gion,1.93,85000.0,1990-09-12,['Amsterdam', 'Netherlands']
Raphael_Vieira_de_Oliveira,1.9,86000.0,1979-06-14,['Brazil', 'São João del Rei']
Raphaela_Folie,1.86,82000.0,1991-03-07,['Italy', 'Bolzano']
Rasamee_Supamool,1.81,75000.0,1992-01-10,['Thailand', 'Nakhon Ratchasima']
Rauno_Tamme,1.88,78000.0,1992-04-07,Estonia
Rebekka_Kadijk,1.75,68000.0,1979-06-16,['Netherlands', 'Werkendam']
Renee_Teppan,1.97,89000.0,1993-09-26,Estonia
Ricardo_Lucarelli_Souza,1.95,79000.0,1992-02-14,['Brazil', 'Contagem']
Ricardo_Santos_(beach_volleyball),2.0,103000.0,1975-01-06,Salvador Bahia
Rich_Duwelius,1.98,89000.0,1954-11-23,Benton Kentucky
Richard_Rademaker,1.91,80000.0,1982-03-18,Apeldoorn
Rie_Takaki,1.76,64000.0,1983-08-09,['Japan', 'Yamaguchi Prefecture', 'Hōfu']
Riho_Ōtake,1.83,65000.0,1993-12-23,['Japan', 'Kanagawa Prefecture', 'Yokohama']
Risa_Ishii,1.79,66000.0,1990-05-19,['Japan', 'Yamanashi Prefecture', 'Tsuru Yamanashi']
Risa_Shinnabe,1.73,66000.0,1990-07-11,['Japan', 'Kagoshima Prefecture', 'Kokubu Kagoshima']
Rivo_Vesik,1.98,90000.0,1980-07-15,['Pärnu', 'Estonia']
Rafał_Buszek,1.98,88000.0,['1987-04-28', '1987-04-29'],['Poland', 'Dębica']
Rahman_Davoudi,1.95,95000.0,1988-02-18,['Iran', 'Qazvin']
Raimo_Pajusalu,2.0,96000.0,1981-02-01,['Pärnu', 'Estonia']
Rait_Rikberg,1.74,79000.0,1982-08-30,['Tartu', 'Estonia']
Ma_Yunwen,1.9,67000.0,1986-10-19,['China', 'Shanghai']
Maarten_van_Garderen,2.0,89000.0,1990-01-24,Renswoude
Maciej_Muzaj,2.08,88000.0,1994-05-21,['Poland', 'Wrocław']
Maciej_Zajder,2.02,96000.0,1988-01-31,['Poland', 'Łask']
Madis_Pärtel,1.91,82000.0,1985-11-01,Estonia
Magdalena_Gryka,1.78,65000.0,1994-03-28,['Poland', 'Białystok']
Magdalena_Śliwa,1.73,69000.0,1969-11-17,['Poland', 'Maków Lesser Poland Voivodeship']
Mai_Fujii,1.74,62000.0,1989-04-12,['Japan', 'Kitakyushu']
Mai_Uemura,1.83,74000.0,1987-09-15,['Japan', 'Watarai Mie']
Mai_Yamaguchi,1.76,62000.0,1983-07-03,['Japan', 'Mie Prefecture', 'Shima Mie']
Maiko_Kano,1.85,65000.0,1988-07-05,['Japan', 'Tokyo', 'Mitaka Tokyo']
Maja_Tokarska,1.93,72000.0,1991-02-22,['Gdańsk', 'Poland']
Mami_Yoshida,1.58,57000.0,1986-06-05,['Japan', 'Fukuoka Prefecture', 'Miyako District Fukuoka']
Manos_Xenakis,1.96,90000.0,1978-08-11,['Athens', 'Glyfada']
Marcel_Gromadowski,2.02,103000.0,1985-12-19,['Poland', 'Wrocław']
Marcelo_Negrão,1.98,90000.0,1972-10-10,['Brazil', 'São Paulo']
Marcin_Jagoda,1.91,93000.0,1980-12-28,['Tarzana Los Angeles', 'United States']
Marcin_Janusz,1.95,85000.0,1994-07-31,['Poland', 'Nowy Sącz']
Marcin_Możdżonek,2.11,104000.0,1985-02-09,['Poland', 'Olsztyn']
Marcin_Waliński,1.95,85000.0,1990-10-24,['Poland', 'Trzcianka']
Marcin_Wika,1.94,94000.0,1983-11-09,Puck Poland
Marco_Falaschi,1.87,85000.0,1987-09-18,['Italy', "Santa Croce sull'Arno"]
Marco_Negri_(volleyball),1.93,84000.0,1955-05-24,Mantua
Marcos_Milinkovic,2.05,99000.0,1971-12-22,['Villa Ballester', 'Argentina']
Marcus_Böhme,2.11,116000.0,1985-08-25,['Berlin', 'Germany']
Marcus_Popp,1.92,83000.0,1981-09-23,['Germany', 'Flöha']
Maret_Balkestein-Grothues,1.8,68000.0,1988-09-16,['Netherlands', 'Almelo']
Matti_Oivanen,1.98,90000.0,1986-05-26,['Finland', 'Huittinen']
Mauro_Di_Bernardo,1.91,85000.0,['1954-08-13', '1956-03-24'],Grottammare
Mauro_Gavotto,2.01,88000.0,1979-04-16,['Italy', 'Cuneo']
Max_Günthör,2.06,88000.0,1985-08-09,['Germany', 'Friedrichshafen']
Maxim_Mikhaylov,2.02,105000.0,1988-03-19,['Soviet Union', 'Kuzmolovsky', "Russia men's national volleyball team"]
Maxwell_Holt,2.05,90000.0,1987-03-12,['United States', 'Cincinnati']
May_Luna,1.72,54550.0,['1996-05-03', '1998-05-03'],['Philippines', 'Davao City']
Mayra_García,1.73,64000.0,1972-05-16,['Tijuana', 'Tecate', 'Mexico']
Megumi_Kurihara,1.87,69000.0,1984-07-31,['Japan', 'Hiroshima Prefecture', 'Etajima Hiroshima']
Mehdi_Mahdavi,1.9,92000.0,1984-02-13,Karaj
Mehdi_Marandi,1.72,69000.0,1986-05-12,['Iran', 'Qazvin']
Mered_de_Vries,1.74,64000.0,1977-09-25,Harich Friesland
Merel_Mooren,1.86,70000.0,1982-09-22,['Netherlands', 'Haarlem']
Mi_Yang,1.8,70000.0,1989-01-24,['China', 'Tianjin']
Micah_Christenson,1.98,88000.0,1993-05-08,['Honolulu', 'United States']
Michael_Andrei,2.1,98000.0,1985-08-06,['Romania', 'Constanța']
Michael_Brüning,1.92,108000.0,1969-11-11,['Tucson Arizona', 'United States']
Michael_Olieman,2.02,97000.0,1983-04-17,['Netherlands', 'Utrecht']
Michael_Sánchez,2.06,100000.0,1986-06-05,['Soviet Union', 'Kiev']
Michalis_Triantafyllidis,1.94,90000.0,1962-06-29,Drapetsona
Michaël_Parkinson_(volleyball),2.03,98000.0,1991-11-23,Reading Berkshire
Michał_Bąkiewicz,1.97,89000.0,1981-03-22,['Poland', 'Piotrków Trybunalski']
Michał_Filip,1.95,94000.0,1994-08-31,['Poland', 'Rzeszów']
Michał_Kamiński_(volleyball),2.1,112000.0,1987-05-17,Poland
Michał_Kubiak,1.93,87000.0,1988-02-23,['Poland', 'Wałcz']
Michał_Kędzierski,1.95,87000.0,1994-08-09,Poland
Michał_Ruciak,1.9,82000.0,1983-08-22,['Poland', 'Świnoujście']
Michał_Winiarski,2.0,82000.0,1983-09-28,['Poland', 'Bydgoszcz']
Michał_Łasko,2.02,99000.0,1981-03-11,['Poland', 'Wrocław']
Michał_Żurek,1.82,78000.0,1988-06-03,['Poland', 'Kędzierzyn-Koźle']
Michele_Baranowicz,1.95,93000.0,1989-08-05,['Italy', 'Mondovì']
Michele_Gumabao,1.78,63000.0,1992-09-02,['Philippines', 'San Mateo California', 'Quezon City']
Midori_Takahashi,1.72,67000.0,1980-03-10,['Japan', 'Fukushima Prefecture', 'Date Fukushima']
Miguel_Ángel_De_Amo,1.85,80000.0,1985-09-16,['Spain', 'Madrid']
Miguel_Ángel_Falasca,1.94,90000.0,1973-04-29,['Mendoza Argentina', 'Argentina']
Mihajlo_Mitić,2.01,90000.0,1990-09-17,['Veliko Gradište', "Serbia men's national volleyball team"]
Mihajlo_Stanković,2.0,83000.0,1993-06-05,['Serbia', 'Novi Sad']
Mika_Saiki,1.72,63000.0,1972-09-25,Matsuyama Ehime
Mika_Yamauchi,1.82,69000.0,1969-10-07,['Japan', 'Akita Prefecture', 'Yurihonjō']
Maria_Liktoras,1.91,73000.0,1975-02-20,['Soviet Union', 'Mineralnye Vody']
Maria_Perepelkina,1.87,72000.0,1984-03-09,['Kazakhstan', 'Russia', 'Almaty']
Marianne_Fersola,1.91,60000.0,1992-01-16,['Dominican Republic', 'Santo Domingo']
Marina_Pankova,1.8,78000.0,1963-03-03,['Soviet Union', 'Bratsk']
Mario_Mattioli,1.85,80000.0,1945-01-01,Ravenna
Mariola_Zenik,1.73,64000.0,['1982-07-03', '1982-07-30'],['Poland', 'Węgrów']
Mariusz_Marcyniak,2.06,98000.0,1992-03-05,['Poland', 'Chełm']
Mariusz_Prudel,1.91,80000.0,1986-01-21,Rybnik
Mariusz_Wlazły,1.94,80000.0,1983-08-04,['Poland', 'Wieluń']
Mark_Lewis_(beach_volleyball),1.98,86000.0,1980-10-20,Westmoreland Parish
Mark_Williams_(volleyball),1.99,89000.0,1979-03-27,['Sydney', 'Australia']
Marko_Ivović,1.94,89000.0,1990-12-22,['Socialist Federal Republic of Yugoslavia', 'Ljig', 'Socialist Republic of Serbia']
Marko_Podraščanin,2.04,92000.0,1987-08-29,['Serbia', 'Novi Sad', 'Socialist Federal Republic of Yugoslavia', 'Socialist Republic of Serbia']
Marko_Samardžić,1.9,82000.0,1983-02-22,['Serbia', 'Belgrade', 'Socialist Federal Republic of Yugoslavia', 'Socialist Republic of Serbia']
Markus_Steuerwald,1.82,85000.0,1989-03-07,['Germany', 'Wolfach']
Marleen_van_Iersel,1.8,69000.0,1988-01-07,['Netherlands', 'Breda']
Marlon_Palharini,194.0,86000.0,1984-02-03,Jandaia do Sul
Marrit_Leenstra_(volleyball),1.79,68000.0,1973-10-18,['Netherlands', 'Emmen Netherlands']
Mart_van_Werkhoven,2.08,93000.0,1991-12-11,Leiden
Martha_Revuelta,1.76,77000.0,1986-09-06,['Mexico City', 'Mexico']
Martti_Juhkami,1.95,94000.0,1988-06-06,['Rakvere', 'Estonia']
María_José_Orellana,1.64,56000.0,1981-04-08,Guatemala
Masafumi_Ōura,1.88,82000.0,1969-09-28,['Nagasaki Prefecture', 'Tsushima Nagasaki']
Masami_Taniguchi,1.77,62000.0,1976-09-17,['Japan', 'Miyazaki Prefecture', 'Miyazaki Miyazaki']
Masami_Yokoyama,1.7,57000.0,1981-12-12,['Japan', 'Koto Tokyo']
Masoud_Gholami,2.0,95000.0,1991-04-02,Iran
Matej_Černič,1.92,80000.0,1978-09-13,['Italy', 'Gorizia']
Mateusz_Bieniek,2.1,98000.0,1994-04-05,['Poland', 'Blachownia']
Mateusz_Czunkiewicz,1.8,73000.0,1996-12-16,['Poland', 'Bartoszyce']
Mateusz_Malinowski,1.97,85000.0,1992-05-06,['Poland', 'Piła']
Mateusz_Masłowski,1.86,81000.0,1997-06-13,Poland
Mateusz_Mika,2.06,92000.0,1991-01-21,['Poland', 'Kobiernice']
Matey_Kaziyski,2.02,93000.0,1984-09-23,Sofia
Mathieu_Hamel,1.9,82000.0,1972-08-28,['Caen', 'France']
Matt_Anderson_(volleyball),2.02,97520.0,1987-04-18,['Buffalo New York', 'United States', 'New York']
Matt_Zbyszewski,1.92,86000.0,1981-08-21,['Poland', 'Jasień']
Matteo_Martino,1.98,84000.0,1987-01-28,['Italy', 'Alessandria']
Matteo_Piano,2.08,102000.0,1990-10-24,['Italy', 'Asti']
Miki_Oyama,1.79,72000.0,1985-10-03,['Japan', 'Edogawa Tokyo']
Miki_Sasaki,1.82,77000.0,1976-12-15,['Japan', 'Hokkaido', 'Muroran Hokkaido']
Mikko_Oivanen,1.98,92000.0,1986-05-26,['Finland', 'Huittinen']
Milad_Ebadipour,1.96,78000.0,1993-10-17,['Iran', 'Urmia']
Milagros_Crespo,1.73,60000.0,1979-02-04,Cabaiguán
Milan_Rašić,2.05,86000.0,1985-02-02,['Niš', 'Zaječar', 'Socialist Federal Republic of Yugoslavia', 'Socialist Republic of Serbia']
Milan_Vasić_(volleyball),2.04,98000.0,['1980-09-02', '1983-09-02'],['Serbia', 'Belgrade', 'Socialist Federal Republic of Yugoslavia', 'Socialist Republic of Serbia']
Milena_Radecka,1.78,67000.0,1984-10-18,['Poland', 'Katowice']
Milena_Rosner,1.8,65000.0,1980-01-04,['Poland', 'Słupsk']
Miloš_Nikić,1.94,79000.0,1986-03-31,['Cetinje', 'Socialist Federal Republic of Yugoslavia', 'Socialist Republic of Montenegro']
Miloš_Terzić,2.02,88000.0,1987-06-13,['Lazarevac', "Serbia men's national volleyball team"]
Mio_Satō,1.53,54000.0,1993-02-12,['Japan', 'Yamagata Prefecture', 'Yamagata Yamagata']
Mira_Golubović,1.88,70000.0,1976-10-15,['Socialist Federal Republic of Yugoslavia', 'Metković']
Misty_May-Treanor,1.7526,72000.0,1977-07-30,Los Angeles
Miwa_Asao,1.72,53000.0,1986-02-02,['Japan', 'Suzuka Mie']
Miya_Sato,1.76,75000.0,1986-10-23,['Japan', 'Shinagawa']
Miyu_Nagaoka,1.79,63000.0,1991-07-25,['Japan', 'Fukuoka Prefecture', 'Miyama Fukuoka']
Miyuki_Akiyama,1.63,60000.0,1984-08-27,['Japan', 'Ibaraki Prefecture', 'Hitachiōta Ibaraki']
Miyuki_Kano,1.75,65000.0,1977-05-17,['Japan', 'Tokyo', 'Mitaka Tokyo']
Miyuki_Takahashi,1.7,68000.0,1978-12-25,['Japan', 'Yamagata Prefecture', 'Yamagata Yamagata']
Mizuho_Ishida,1.74,67000.0,1988-01-22,['Japan', 'Gunma Prefecture', 'Tomioka Gunma']
Mohamed_Ali_Ben_Othmen_Miladi,1.95,85000.0,1991-05-12,['Tunisia', 'Nabeul']
Mohammad_Hassan_Senobar,2.1,94000.0,1989-07-11,['Iran', 'Pakdasht']
Mohammad_Javad_Manavinejad,2.0,84000.0,1995-11-27,['Iran', 'Isfahan']
Mohammad_Mohammadkazem,2.0,92000.0,1985-09-28,['Iran', 'Tehran']
Mohammad_Mousavi_(volleyball),2.03,86000.0,1987-08-22,['Iran', 'Dezful']
Mohammad_Taher_Vadi,1.94,85000.0,['1989-10-10', '1989-11-10'],['Iran', 'Mashhad']
Mojtaba_Mirzajanpour,2.05,88000.0,1991-10-07,['Iran', 'Babol']
Mojtaba_Shaban,1.92,86000.0,1987-03-18,['Iran', 'Tehran', 'Semnan Iran']
Monica_De_Gennaro,1.74,67000.0,1987-01-08,['Italy', 'Piano di Sorrento']
Monika_Bociek,1.88,74000.0,1996-04-06,Poland
Montri_Vaenpradab,1.95,75000.0,1987-08-18,['Thailand', 'Ratchaburi']
Mory_Sidibé,1.93,92000.0,1987-07-16,['Noisy-le-Grand', 'France']
Mostafa_Sharifat,2.01,100000.0,1987-09-16,['Iran', 'Ahvaz']
Moustapha_M'Baye,1.98,93000.0,1992-01-22,['Gdańsk', 'Poland']
Murilo_Endres,1.9,76000.0,1981-05-03,['Brazil', 'Rio Grande do Sul', 'Passo Fundo']
Murphy_Troy,2.02,99000.0,1989-05-31,['St. Louis', 'United States']
Myrthe_Schoot,1.84,71000.0,1988-08-29,['Netherlands', 'Winterswijk']
Mārtiņš_Pļaviņš,1.9,87000.0,1985-05-08,['Latvia', 'Riga']
Édouard_Rowlandson,190.0,89000.0,1988-07-20,['Luxembourg', 'Luxembourg City']
Dany_Wilson,2.0,90000.0,1982-12-10,Westmoreland Parish
Daria_Isaeva,1.86,75000.0,1990-03-29,['Moscow', 'Russia']
Daria_Paszek,1.85,76000.0,1991-08-30,['Poland', 'Krotoszyn']
Dariam_Acevedo,1.77,68000.0,1984-12-15,Trujillo Alto Puerto Rico
David_Smith_(volleyball),2.01,86000.0,1985-05-15,['Los Angeles', 'Panorama City Los Angeles']
David_Thomas_(beach_volleyball),1.93,77000.0,1974-06-18,Sangre Grande
Dawid_Dryja,2.01,93000.0,1992-07-21,['Poland', 'Jasło']
Dawid_Konarski,1.98,101000.0,1989-08-31,['Poland', 'Świecie']
Dawid_Murek,1.96,101000.0,1977-07-24,['Poland', 'Międzyrzecz']
Dawid_Woch,1.98,81000.0,1997-05-16,Poland
Dejan_Bojović,1.98,96000.0,1983-04-03,['Serbia', 'Smederevska Palanka', 'Socialist Federal Republic of Yugoslavia', 'Socialist Republic of Serbia']
Denden_Lazaro,1.524,54432.0,1992-01-21,Parañaque
Denise_Hanke,1.79,58000.0,1989-08-31,Berlin
Dennis_Borst,1.98,88000.0,1992-02-01,Bergambacht
Denys_Kaliberda,1.93,95000.0,1990-06-24,['Soviet Union', 'Poltava']
Diana_Estrada,1.73,53000.0,1986-04-16,['Mexico City', 'Mexico']
Dick_Kooy,2.02,80000.0,1987-12-03,['Netherlands', 'Baarn']
Dilara_Bağcı,1.65,62000.0,1994-02-02,Turkey
Dimitrios_Kazazis,1.94,95000.0,1966-10-24,Thessaloniki
Dimitrios_Soultanopoulos,2.0,90000.0,1981-09-03,Athens
Ding_Hui_(volleyball),1.85,80000.0,1989-06-24,['China', 'Hangzhou']
Dirk-Jan_van_Gendt,1.85,78000.0,1974-07-18,['Netherlands', 'Boxtel']
Dirk_Sparidans,1.81,86000.0,1989-03-05,Tilburg
Dirk_Westphal_(volleyball),2.03,92000.0,1986-01-31,['Berlin', 'Germany', 'West Germany']
Dmitriy_Muserskiy,2.18,104000.0,1988-10-29,['Soviet Union', 'Ukraine', 'Makiivka']
Dmytro_Pashytskyy,2.05,100000.0,1987-11-29,['Ukraine', 'Kiev']
Dominik_Witczak,1.98,102000.0,1983-01-02,['Poland', 'Ostrów Wielkopolski']
Dorota_Świeniewicz,1.8,65000.0,1972-07-27,['Poland', 'Głuszyca']
Dragan_Stanković,2.05,80000.0,1985-10-18,['Zaječar', 'Socialist Federal Republic of Yugoslavia', 'Socialist Republic of Serbia', "Serbia men's national volleyball team"]
Dragan_Travica,2.0,98000.0,1986-08-28,['Croatia', 'Zagreb', 'Socialist Federal Republic of Yugoslavia', 'Socialist Republic of Croatia']
Dávid_Szabó,2.02,97000.0,1990-01-13,Kazincbarcika
Daan_van_Haarlem,1.98,89000.0,1989-03-15,Doetinchem
Damian_Domagała,1.98,81000.0,1998-04-23,Poland
Damian_Schulz,2.08,95000.0,1990-02-26,['Poland', 'Lębork']
Damian_Wojtaszek,1.8,76000.0,1988-09-07,['Poland', 'Milicz']
Daniel_Lewis_(volleyball),1.9,88000.0,1976-04-03,['Oakville Ontario', 'Canada']
Daniel_Pliński,2.04,100000.0,1978-12-10,['Poland', 'Puck Poland']
Çağla_Akın,1.77,70000.0,1995-01-19,['Istanbul', 'Turkey']
Žarko_Kisić,1.96,94000.0,1986-04-05,['Bosnia and Herzegovina', 'Brčko']
Amir_Ghafour,2.02,90000.0,['1991-02-11', '1991-06-06'],['Iran', 'Kashan']
Amir_Hosseini,1.83,78000.0,1975-07-23,['Iran', 'Mashhad']
Amporn_Hyapha,1.8,70000.0,1985-05-19,['Thailand', 'Nakhon Sawan']
Ana_Antonijević,1.85,72000.0,1987-08-26,['Užice', 'Socialist Federal Republic of Yugoslavia']
Ana_Moser,1.85,70000.0,1968-08-14,['Brazil', 'Blumenau']
Anderson_Rodrigues_(volleyball),1.9,95000.0,1974-05-21,['Brazil', 'Belo Horizonte']
Andrea_Giovi,1.85,80000.0,1983-08-19,['Italy', 'Perugia']
Andrea_Nannini,1.84,80000.0,1944-12-12,Modena
Andrea_Nencini,1.93,86000.0,1948-12-25,Sesto Fiorentino
Andrei_Kuznetsov_(volleyball),1.96,95000.0,1966-04-23,['Ukraine', 'Poltava']
Andrej_Kravárik,2.04,97000.0,1971-07-28,['Czechoslovakia', 'Slovakia', 'Piešťany']
Andres_Toobal,1.93,84000.0,1988-08-27,Estonia
Andri_Aganits,2.07,100000.0,1993-09-07,['Põlva', 'Estonia']
Andrija_Gerić,2.03,101000.0,1977-01-24,['Serbia', 'Novi Sad', 'Socialist Federal Republic of Yugoslavia', 'Socialist Republic of Serbia']
Andrzej_Wrona,2.05,95000.0,1988-12-27,['Poland', 'Warsaw']
André_Lopes,1.93,86000.0,1982-09-12,['Seia', "Portugal men's national volleyball team"]
Anna_Miros,1.93,80000.0,1985-10-30,['Poland', 'Łańcut']
Anna_Ramírez,1.73,56000.0,1984-06-11,['Guatemala City', 'Guatemala']
Anna_Werblińska,1.78,69000.0,1984-05-14,['Poland', 'Świdnica']
Anne_Buijs,1.91,74000.0,1991-12-02,['Netherlands', 'Oostzaan']
Annie_Martin,1.7,61000.0,1981-09-07,Lachine Quebec
Antonella_Del_Core,1.82,73000.0,1980-11-05,['Italy', 'Naples']
Antonin_Rouzier,2.01,97000.0,1986-08-18,["Saint-Martin-d'Hères", 'France']
Alejandro_Spajić,2.04,95000.0,1976-05-07,San Juan Argentina
Aleksa_Brđović,2.03,91000.0,1993-07-29,['Serbia', 'Belgrade']
Aleksandar_Atanasijević,2.0,92000.0,1991-09-04,['Belgrade', 'Socialist Federal Republic of Yugoslavia', 'Socialist Republic of Serbia']
Aleksandar_Mitrović_(volleyball),1.93,93000.0,1982-09-24,['Serbia', 'Kruševac', 'Socialist Federal Republic of Yugoslavia', 'Socialist Republic of Serbia']
Aleksander_Śliwka,1.96,87000.0,1995-05-24,['Poland', 'Jawor']
Aleksandr_Butko,1.98,97000.0,1986-03-18,['Soviet Union', 'Grodno']
Aleksandr_Kosarev,2.0,90000.0,1977-09-30,['Russia', 'Belgorod']
Aleksandra_Chudina,1.88,73000.0,1923-11-06,['Soviet Union', 'Tula Oblast', 'Russian Soviet Federative Socialist Republic', 'Kurkinsky District']
Aleksandrs_Samoilovs,1.95,94000.0,1985-04-06,['Latvia', 'Riga']
Aleksey_Obmochaev,1.88,80000.0,1989-05-22,['Russia', 'Kislovodsk']
Aleksey_Spiridonov_(volleyball),1.96,96000.0,1988-06-26,['Russia', 'Revyakino']
Aleksey_Verbov,1.85,77000.0,1982-01-31,['Moscow', 'Russia']
Alen_Pajenk,2.03,82000.0,1986-04-23,['Maribor', 'Slovenia']
Aleona_Denise_Santiago,1.88,65000.0,1993-09-26,['Cavite', 'Tanza Cavite']
Alessandro_Fei_(volleyball),2.04,90000.0,1978-11-29,['Italy', 'Saronno']
Alessandro_Paparoni,1.91,75000.0,1981-08-17,['Italy', 'San Severino Marche']
Alexander_Horst,1.85,85000.0,1982-12-20,['Vienna', 'Austria']
Alexandra_Gouldie,1.7018,77112.0,1991-05-13,Grand Island Nebraska
Alexandra_Shiryayeva,1.8796,74844.0,1983-02-09,['Russia', 'Saint Petersburg']
Alexey_Cheremisin,2.02,98000.0,1980-09-23,['Moscow', 'Russia']
Alice_Blom,1.78,64000.0,1980-04-07,['Netherlands', 'Oudeschild']
Alireza_Nadi,2.0,90000.0,1980-09-02,['Iran', 'Tehran']
Alison_Cerutti,2.03,106000.0,['1985-12-07', '1986-12-07'],['Brazil', 'Vitória Espírito Santo', 'Espírito Santo']
Allan_van_de_Loo,1.96,90000.0,1975-01-10,Eindhoven
Allen_Allen,1.91,100000.0,1967-05-24,Samoa
Amaury_Martínez,1.92,90000.0,1973-02-13,['Dominican Republic', 'Santo Domingo']
Arash_Kamalvand,2.01,91000.0,1989-05-11,['Iran', 'Lorestan Province', 'Khorramabad']
Ardo_Kreek,2.03,95000.0,1986-08-07,['Tallinn', 'Estonia']
Argo_Meresaar,2.06,104000.0,1980-01-13,['Pärnu', 'Estonia']
Arisa_Inoue,1.78,65000.0,1995-05-08,['Japan', 'Kyoto Prefecture', 'Maizuru']
Arisa_Satō,1.64,53000.0,1989-07-18,['Japan', 'Sendai', 'Miyagi Prefecture']
Arkadiusz_Gołaś,2.01,83000.0,1981-05-10,['Poland', 'Przasnysz']
Armands_Celitāns,2.0,105000.0,1984-05-28,['Latvia', 'Krāslava']
Arslan_Ekşi,1.99,92000.0,1985-07-17,['Istanbul', 'Turkey']
Artur_Ratajczak,2.05,94000.0,1990-09-18,['Poland', 'Gostyń']
Artur_Szalpuk,2.02,92000.0,1995-03-20,['Poland', 'Olsztyn']
Asako_Tajimi,1.8,68000.0,1972-06-26,['Japan', 'Tokyo', 'Mitaka Tokyo']
Ashlei_Nemer,1.92,80000.0,1980-11-26,['Brazil', 'Brasília']
Asllan_Rusi,1.85,70000.0,1944-10-04,['Albania', 'Tirana']
Aslı_Kalaç,1.83,73000.0,1995-12-13,Istanbul
Astra_Biltauere,1.68,64000.0,1944-10-09,Riga
Aya_Mikami,1.75,64000.0,1984-01-27,['Japan', 'Fukushima Prefecture', 'Kōriyama']
Ayako_Sana,1.8,66000.0,1985-05-18,['Japan', 'Taitō']
Ayumi_Nakamura,1.76,70000.0,1990-08-29,['Japan', 'Fukuoka Prefecture', 'Chikuzen Fukuoka']
Aaron_Russell,2.05,98000.0,['1993-06-04', '1993-06-07'],['Ellicott City Maryland', 'United States']
Abdolreza_Alizadeh,1.83,80000.0,1987-02-19,['Iran', 'Urmia']
Adam_Kowalski,1.8,73000.0,1994-09-16,['Poland', 'Częstochowa']
Adel_Gholami,1.95,88000.0,['1986-02-09', '1986-10-02'],['Iran', 'Amol']
Adrian_Buchowski,1.94,90000.0,1991-09-30,['Poland', 'Zielona Góra']
Adrian_Radu_Gontariu,2.05,100000.0,1984-05-14,['Romania', 'Zalău']
Adrian_Stańczak,1.83,77000.0,1987-02-17,['Poland', 'Radom']
Ahmed_Mohamed_(volleyball),1.89,84000.0,1989-03-01,['Cairo', 'Egypt']
Ai_Inden,1.73,63000.0,1987-04-03,['Japan', 'Mie Prefecture', 'Yokkaichi Mie']
Akari_Oumi,1.71,64000.0,1989-11-10,['Japan', 'Kyoto', 'Kyoto Prefecture']
Aki_Shibata,1.76,67000.0,1981-01-06,['Japan', 'Gobō Wakayama', 'Wakayama Prefecture']
Akiko_Ino,1.68,60000.0,1986-09-28,['Japan', 'Tokyo', 'Edogawa Tokyo']
Akiko_Uchida,1.73,64000.0,1985-11-30,['Japan', 'Koto Tokyo']
Wallace_de_Souza,1.98,87000.0,1987-06-26,['Brazil', 'São Paulo']
Wanchai_Tabwises,1.85,85000.0,1986-02-11,['Thailand', 'Khon Kaen']
Wang_Huimin,1.84,65000.0,1992-11-11,['China', 'Shandong']
Wang_Na_(volleyball),1.79,63000.0,1990-02-25,['China', 'Zhejiang']
Wang_Yimei,1.9,87000.0,1988-01-11,['China', 'Dalian']
Wei_Qiuyue,1.83,80000.0,1988-09-26,['China', 'Tianjin']
Wilfredo_León,2.01,85000.0,1993-07-31,['Santiago de Cuba', 'Cuba']
Wink_Davenport,2.01,99792.0,1942-04-12,Santa Monica California
Wojciech_Ferens,1.94,95000.0,1991-04-05,['Poland', 'Radom']
Wojciech_Grzyb,2.06,101000.0,1981-01-04,['Poland', 'Olsztyn']
Wojciech_Jurkiewicz,2.05,97000.0,1977-06-21,['Poland', 'Lubin']
Wojciech_Włodarczyk,2.0,87000.0,1990-10-28,['Poland', 'Poznań']
Wojciech_Żaliński,1.95,99000.0,1988-01-08,['Poland', 'Skarżysko-Kamienna']
Wytze_Kooistra,2.09,102000.0,1982-06-03,['Amsterdam', 'Netherlands']
Hermans_Egleskalns,2.02,93000.0,1990-12-08,['Latvia', 'Riga']
Hicham_Guemmadi,1.94,82000.0,1976-04-16,Constantine Algeria
Hidde_Boswinkel,2.02,100000.0,1995-03-30,Ootmarsum
Hiroko_Matsuura,1.8,72000.0,1990-07-15,['Japan', 'Kumamoto Prefecture', 'Kumamoto']
Hristo_Zlatanov,2.01,103000.0,1976-04-21,Sofia
Hugo_Gaspar,2.0,83000.0,1982-09-02,Portugal
Héctor_Soto,1.97,85000.0,1978-06-20,['New York City', 'New York']
Hüseyin_Koç,1.97,91000.0,1979-07-30,['Bursa', "Turkey men's national volleyball team"]
Haruka_Miyashita,1.77,58000.0,1994-09-01,['Japan', 'Mie Prefecture', 'Kuwana Mie']
Haruka_Sunada,1.81,70000.0,1988-04-18,['Japan', 'Ibaraki Prefecture', 'Tsukuba Ibaraki']
Haruyo_Shimamura,1.82,79000.0,1992-03-04,['Japan', 'Kanagawa Prefecture', 'Kamakura']
Hatice_Gizem_Örge,1.7,59000.0,1993-04-26,Ankara
Helena_Havelková,1.88,64000.0,1988-07-25,['Czech Republic', 'Frýdlant']
Henri_Treial,2.02,96000.0,1992-05-28,Estonia
Henry_Bell_Cisnero,188.0,84000.0,1982-07-27,Cuba
Hamza_Nagga,1.96,85000.0,1990-05-29,['Tunisia', 'Tunis']
Hamzeh_Zarini,1.98,91000.0,1985-10-18,['Iran', 'Tehran', 'Eslamshahr']
Kacper_Piechocki,1.84,70000.0,1995-02-17,['Poland', 'Bełchatów']
Kamil_Droszyński,1.9,86000.0,1997-01-28,Poland
Kana_Kawakami,1.63,53000.0,1984-08-20,['Japan', 'Tokyo', 'Katsushika']
Kana_Oyama,1.87,84000.0,1984-06-19,['Japan', 'Tokyo']
Kanako_Hirai,1.82,68000.0,1984-04-15,['Japan', 'Tsu Mie']
Kanako_Omura,1.84,68000.0,1976-12-15,['Japan', 'Kyoto']
Kaori_Inoue,1.82,59000.0,1982-10-21,['Japan', 'Toyooka Hyōgo']
Karch_Kiraly,1.88,93000.0,1960-11-03,Jackson Michigan
Karina_Krause,1.77,64000.0,1989-02-11,['Thailand', 'Yasothon']
Karol_Kłos,2.01,83000.0,1989-08-08,['Poland', 'Warsaw']
Katarzyna_Gajgał-Anioł,1.91,83000.0,1981-09-21,['Poland', 'Dębica']
Katarzyna_Skowrońska-Dolata,1.89,75000.0,1983-06-30,['Poland', 'Warsaw']
Kawika_Shoji,1.98,88000.0,1987-11-11,['Hawaii', 'Honolulu']
Kay_van_Dijk,2.15,104000.0,1984-06-25,['Netherlands', 'Renkum']
Keiki_Nishiyama,1.76,66000.0,1988-10-19,['Japan', 'Kyoto']
Keith_Pupart,1.95,93000.0,1985-03-19,['Kuressaare', 'Estonia']
Kentaro_Asahi,1.99,83000.0,1975-09-19,Japan
Kerri_Walsh_Jennings,1.905,71000.0,1978-08-15,Santa Clara California
Kert_Toobal,1.89,78000.0,1979-06-03,['Paide', 'Estonia']
Kervin_Piñerua,1.91,85000.0,1991-02-22,['Venezuela', 'Caracas']
Kevin_Klinkenberg,1.98,78000.0,1990-10-04,['Belgium', 'Oupeye']
Kieran_O'Malley,1.88,82000.0,1988-05-12,['West Yorkshire', 'Halifax West Yorkshire']
Kinga_Maculewicz-De_La_Fuente,1.86,70000.0,1978-05-25,['Kraków', 'Poland']
Kissada_Nilsawai,2.03,95000.0,1992-04-17,['Thailand', 'Samut Prakan Province']
Kitsada_Somkane,1.9,79000.0,1990-09-28,['Thailand', 'Surat Thani']
Kittikun_Sriutthawong,1.94,78000.0,1986-01-10,['Thailand', 'Sa Kaeo']
Klaudia_Kaczorowska,1.83,66000.0,1988-12-20,['Poland', 'Trzcianka']
Klemen_Čebulj,2.0,87000.0,1992-02-21,Slovenia
Konstantin_Čupković,2.05,89000.0,1987-01-02,['Croatia', 'Virovitica']
Kota_Yamamura,2.05,90000.0,1980-10-20,['Japan', 'Tokyo', 'Higashimurayama Tokyo']
Kotoe_Inoue,1.61,55000.0,1990-02-15,['Japan', 'Kyoto']
Kotoki_Zayasu,1.6,56000.0,1990-01-11,['Japan', 'Okinawa Prefecture', 'Ginowan Okinawa']
Kotomi_Tosaki,1.85,84000.0,1989-05-19,['Japan', 'Gifu Prefecture', 'Gifu']
Kristjan_Kais,1.88,85000.0,1976-03-03,['Paikuse', 'Estonia']
Kristýna_Pastulová,1.97,80000.0,1985-10-22,Czech Republic
Krzysztof_Gierczyński,1.93,87000.0,1976-01-23,['Poland', 'Gubin Poland']
Krzysztof_Ignaczak,1.88,86000.0,1978-05-15,['Poland', 'Wałbrzych']
Krzysztof_Wierzbowski,1.97,85000.0,1988-07-18,['Poland', 'Warsaw']
Krzysztof_Wójcik_(volleyball),1.81,80000.0,1960-10-20,['Poland', 'Żagań']
Ku_Min-jung,1.81,73000.0,1973-08-25,['South Korea', 'North Jeolla Province']
Kumiko_Sakino,1.8,66000.0,1975-09-23,['Japan', 'Yamaguchi Prefecture', 'Hōhoku Yamaguchi', 'Shimonoseki']
Kunihiro_Shimizu,1.93,94000.0,1986-08-11,['Japan', 'Fukui Prefecture', 'Fukui Fukui']
Kyoko_Katashita,1.57,54000.0,1989-07-13,['Japan', 'Chikuzen Fukuoka']
Kévin_Le_Roux,2.09,95000.0,1989-05-11,['Champigny-sur-Marne', 'France']
Kévin_Tillie,2.0,85000.0,['1990-02-11', '1990-11-02'],['Cagnes-sur-Mer', 'France']
Theo_Brunner,2.0066,91000.0,1985-03-17,Palo Alto California
Thijs_ter_Horst,2.04,94000.0,1991-09-18,Almelo
Thomas_Edgar_(volleyball),2.12,106000.0,1989-06-21,['Bundaberg', 'Australia']
Thomas_Ereu,1.93,86000.0,1979-10-25,Acarigua
Thomas_Jarmoc,1.98,89000.0,1987-04-19,['Canada', 'Calgary']
Thomas_Koelewijn,2.06,100000.0,1988-12-18,Kampen Overijssel
Tije_Vlam,2.07,102000.0,1985-10-09,['Netherlands', 'Almere']
Tim_Broshog,2.05,112000.0,1987-12-02,['Berlin', 'Germany']
Timo_Tammemaa,2.02,93000.0,1991-11-18,Estonia
Todd_Rogers,1.8796,90000.0,1973-09-30,Santa Barbara California
Todor_Aleksiev,2.0,96000.0,1983-04-21,['Bulgaria', 'Plovdiv']
Tomasz_Fornal,1.98,96000.0,1997-08-31,Poland men's national under-19 volleyball team
Tomasz_Polczyk,1.93,83000.0,1997-02-13,Poland
Tomasz_Wójtowicz,1.97,97000.0,['1953-09-22', '1953-09-29'],['Poland', 'Lublin']
Tomislav_Čošković,1.99,93000.0,1979-04-22,['Socialist Federal Republic of Yugoslavia', 'Socialist Republic of Bosnia and Herzegovina']
Tomoko_Okano,1.77,64000.0,1979-08-29,['Japan', 'Chikusei Ibaraki']
Tomomi_Nakao,1.74,61000.0,1981-11-27,['Japan', 'Miyakonojō']
Tony_Krolis,1.94,93000.0,1984-07-13,Curaçao
Tricia_Santos_(volleyball),1.74,62000.0,['1995-05-18', '1995-05-19'],['Philippines', 'Mandaluyong']
Trần_Thị_Thảo,1.73,55000.0,1991-11-24,['Hanoi', 'Vietnam']
Tsvetan_Sokolov,2.07,108000.0,1989-12-31,['Bulgaria', 'Dupnitsa']
Twan_Wiltenburg,2.04,86000.0,1997-01-20,Zevenhuizen Zuidplas
Tzvetelina_Yanchulova,1.8,65000.0,1975-04-12,['Bulgaria', 'Sofia']
Đỗ_Thị_Minh,1.73,67000.0,1988-08-03,Hà Nam Province
Takeshi_Nagano,1.76,65000.0,1985-07-11,['Japan', 'Nagasaki Prefecture', 'Sasebo Nagasaki']
Talita_Antunes,1.8034,64000.0,1982-08-29,['Brazil', 'Mato Grosso do Sul', 'Aquidauana']
Taras_Khtey,1.97,0.0,1982-05-22,['Soviet Union', 'Ukraine', 'Lviv']
Tatiana_Kosheleva,1.91,67000.0,1988-12-23,['Minsk', 'Byelorussian Soviet Socialist Republic']
Tatsuya_Fukuzawa,1.89,86000.0,1986-07-01,['Japan', 'Kyoto Prefecture']
Taylor_Pischke,1.83,69000.0,1993-04-18,['Winnipeg', 'Manitoba']
Taylor_Sander,1.93,80000.0,1992-03-17,['Huntington Beach California', 'United States']
Teerasak_Nakprasong,1.88,75000.0,1985-11-06,['Thailand', 'Phitsanulok']
Teodor_Salparov,1.87,77000.0,1982-08-16,['Bulgaria', 'Gabrovo']
Barbara_Jelić-Ružić,1.93,75000.0,1977-05-08,['Socialist Federal Republic of Yugoslavia', 'Novo Mesto', 'Socialist Republic of Slovenia', 'Yugoslavia']
Bart-Jan_van_der_Mark,2.07,99000.0,1985-05-20,Rotterdam
Bartosz_Bednorz,2.01,84000.0,1994-07-25,['Poland', 'Zabrze']
Bartosz_Gawryszewski,2.02,90000.0,1985-08-22,['Poland', 'Warsaw']
Bartosz_Kurek,2.07,104000.0,1988-08-29,['Poland', 'Wałbrzych']
Bartosz_Kwolek,1.92,92000.0,1997-07-17,Poland
Bartłomiej_Bołądź,2.03,97000.0,1994-09-28,['Poland', 'Krzyż Wielkopolski']
Bartłomiej_Grzechnik,2.0,92000.0,1993-02-08,['Poland', 'Radom']
Bas_van_Bemmelen,2.07,92000.0,1989-08-18,Beuningen
Benjamin_Hardy,1.98,94000.0,1974-09-21,['Sydney', 'Australia']
Benjamin_Toniutti,1.83,74000.0,1989-10-30,['Mulhouse', 'France']
Berenika_Tomsia,1.89,67000.0,1988-03-18,['Gdańsk', 'Poland']
Berit_Kauffeldt,1.9,75000.0,1990-07-08,Parchim
Bethania_Almánzar,1.8,62000.0,1987-02-11,['Dominican Republic', 'Bonao']
Bibiana_Candelas,1.96,78000.0,1983-12-02,Torreón
Björn_Höhne,1.93,94000.0,1991-03-27,['Berlin', 'Germany']
Bojan_Janić,1.98,87000.0,1982-03-11,['Serbia', 'Leskovac', 'Socialist Federal Republic of Yugoslavia', 'Socialist Republic of Serbia']
Bram_Van_Den_Dries,2.06,101000.0,1989-08-14,['Belgium', 'Herselt']
Brian_Thornton,1.9,88000.0,1985-04-22,Huntington Beach California
Bruno_Rezende,1.9,76000.0,1986-07-02,['Brazil', 'Rio de Janeiro']
Bryan_Ivie,2.01,98000.0,1969-05-05,Torrance California
Bùi_Thị_Ngà,1.87,74000.0,1994-08-15,Ninh Bình Province
Gavin_Schmitt,2.08,102000.0,1986-01-27,['Grande Prairie', 'Alberta']
Georgi_Bratoev,2.02,88000.0,1987-10-21,['Bulgaria', 'Sofia']
Georgios_Lykoudis,1.91,100000.0,1964-02-04,Thessaloniki
Germán_Recio,1.93,80000.0,1988-04-07,['Santo Domingo', 'Neiba']
Gershon_Rorich,1.95,103000.0,1973-10-23,['Cape Town', 'South Africa']
Gert_Van_Walle,1.97,87000.0,1987-08-07,['Belgium', 'Ekeren']
Giannis_Laios,1.89,90000.0,1951-03-17,Athens
Giba,1.92,85000.0,1976-12-23,['Paraná (state)', 'Londrina']
Gijs_Jorna,1.96,85000.0,1989-05-30,Enkhuizen
Gino_Brousseau,1.89,85000.0,1966-09-04,['Quebec City', 'Quebec']
Gabriele_Maruotti,1.95,92000.0,1988-03-25,['Italy', 'Fiumicino']
Gabrijel_Radić,2.02,96000.0,1982-03-21,['Serbia', 'Novi Sad']
Giovanni_Lanfranco_(volleyball),1.88,80000.0,1956-05-09,['Italy', 'Turin']
Giulio_Sabbi,2.01,92000.0,1989-08-10,['Italy', 'Zagarolo']
Gregor_Ropret,1.92,88000.0,1989-03-01,Slovenia
Gregory_Berríos,1.82,83000.0,1979-01-24,San Juan Puerto Rico
Grzegorz_Bociek,2.07,106000.0,1991-06-06,['Poland', 'Sielec Gmina Żarnów']
Grzegorz_Kosok,2.06,92000.0,1986-03-02,['Poland', 'Katowice']
Grzegorz_Pająk,1.96,89000.0,1987-01-01,['Poland', 'Stalowa Wola']
Grzegorz_Pilarz,1.88,83000.0,1980-02-12,['Poland', 'Bielsko-Biała']
Grzegorz_Szymański,2.02,94000.0,1978-07-12,['Poland', 'Ostrowiec Świętokrzyski']
Grzegorz_Wagner,1.82,84000.0,1965-12-13,['Poland', 'Warsaw']
Grzegorz_Łomacz,1.87,81000.0,1987-10-01,['Poland', 'Ostrołęka']
Guillaume_Quesque,2.03,92000.0,1989-04-29,['Paris', 'France']
Guillaume_Samica,1.98,84000.0,1981-09-28,['France', 'Choisy-au-Bac']
Gurinder_Singh_(volleyball),0.0,92000.0,['1989-03-02', '1989-06-05'],Chandigarh
Gustavo_Endres,2.03,98000.0,1975-08-23,['Brazil', 'Passo Fundo']
György_Grozer,2.0,99000.0,1984-11-27,['Hungary', 'Budapest']
Gábor_Bodó,1.82,73000.0,1941-08-05,Balatonfüred
Xue_Ming,1.92,68000.0,1987-02-23,['China', 'Beijing']
Nana_Iwasaka,1.87,76000.0,1990-07-03,['Japan', 'Fukuoka', 'Fukuoka Prefecture']
Nanae_Takizawa,1.66,52000.0,1987-09-22,['Japan', 'Tokyo', 'Mitaka Tokyo']
Nanami_Inoue,1.78,64000.0,1989-06-19,['Japan', 'Fuchū Tokyo']
Naoko_Hashimoto,1.72,63000.0,1984-07-11,['Japan', 'Okayama Prefecture', 'Okayama']
Natalia_Bamber-Laskowska,1.86,69000.0,1982-02-24,['Poland', 'Sulechów']
Natalia_Valentín,1.7,61000.0,1989-09-12,Río Piedras Puerto Rico
Nataliya_Obmochaeva,1.94,74000.0,1989-06-01,['Ukraine', 'Skole']
Nathalia_Alfaro,1.65,59000.0,1987-04-08,['Costa Rica', 'Heredia Costa Rica']
Nathan_French,1.91,86000.0,1990-04-20,['Chelmsford', 'Essex']
Nathan_Roberts_(volleyball),1.97,94000.0,1986-02-17,['Adelaide', 'Australia']
Natsumi_Fujita,1.66,50000.0,1991-08-05,['Japan', 'Tagajō', 'Miyagi Prefecture']
Nattapong_Kesapan,1.83,75000.0,1989-07-25,Thailand
Naveen_Raja_Jacob,0.0,87000.0,1989-01-10,['Tamil Nadu', 'Sundankottai']
Nellie_Spicer,1.75,65000.0,1987-07-03,Barrington Illinois
Nemanja_Petrić,2.04,86000.0,1987-07-28,['Serbia', 'Prijepolje']
Nene_Tomita,1.83,75000.0,1982-09-30,China
Nicolas_Maréchal,1.98,83000.0,1987-03-04,['France', 'Sainte-Catherine-lès-Arras']
Nicole_Koolhaas,1.98,77000.0,1991-01-31,['Netherlands', 'Hoorn']
Nicole_Oude_Luttikhuis,1.91,74000.0,1997-12-26,['Netherlands', 'Harbrinkhoek']
Nicole_Sanderson,1.82,65000.0,1976-04-01,['Perth', 'Australia']
Nicolás_Uriarte,1.92,82000.0,1990-03-21,['Buenos Aires', 'Argentina']
Niels_Klapwijk,2.0,89000.0,1985-09-19,Amersfoort
Nikola_Jovović,1.96,75000.0,1992-02-13,['Serbia', 'Novi Sad']
Nikola_Kovačević,1.93,78000.0,1983-02-14,['Serbia', 'Kraljevo']
Nikola_Rosić,1.92,85000.0,1984-08-05,['Belgrade', 'Socialist Federal Republic of Yugoslavia', 'Socialist Republic of Serbia']
Nikolas_Berger,1.99,92000.0,1974-03-18,['Salzburg', 'Austria']
Nikolay_Nikolov_(volleyball),2.06,97000.0,1986-07-29,['Bulgaria', 'Karnobat']
Nikolay_Pavlov_(volleyball),1.96,93000.0,1982-05-22,['Russia', 'Budyonnovsk']
Nikolay_Penchev,1.96,85000.0,1992-05-22,['Bulgaria', 'Plovdiv']
Nimir_Abdel-Aziz,2.01,83000.0,1992-05-05,['Netherlands', 'The Hague']
Nina_Muradyan,1.7018,66225.6,1954-08-17,['Yerevan', 'Armenia']
Noemi_Signorile,1.82,74000.0,1990-02-15,['Italy', 'Turin']
Novica_Bjelica,2.02,86000.0,1983-02-09,['Serbia', 'Socialist Federal Republic of Yugoslavia', 'Pula']
Nuno_Pinheiro,1.93,89000.0,1984-12-31,['Portugal', 'Espinho Portugal']
Nuri_Şahin_(volleyball),1.97,91000.0,1980-01-01,['Tokat', 'Turkey']
Quinta_Steenbergen,1.89,74000.0,1985-04-02,['Netherlands', 'Schagen']
Quirine_Oosterveld,1.81,71000.0,1990-03-05,Almere
